name,,,,,,,,
Elite SC-LX501 7.2-Channel Network A/V Receiver,,,,,,,,
"Power Acoustik EG1-4500D Edge Series Monoblock Class D Amp, 4,500 Watts Max",,,,,,,,
PYLE - Amplifier - Black,,,,,,,,
Details About Sony Kd70x690e 70inch 4k Ultra Hd Smart Led Tv (2017 Model),,,,,,,,
Sennheiser - RS 175 Over-the-Ear Wireless Headphone System - Black,,,,,,,,
Silencio 352 microATX Case (Black),,,,,,,,
Alpha a7S II Mirrorless Digital Camera Body with Accessories Kit,,,,,,,,
PowerShot G5 X Digital Camera Free Accessory Kit,,,,,,,,
iHome iBN43BC Bluetooth Stereo Dual Alarm FM Clock Radio and Speakerphone with USB Charging,,,,,,,,
GoSafe S30 1080p Dash Cam,,,,,,,,
"LG - 65 Class - OLED - B7A Series - 2160p - Smart - 4K UHD TV with HDR""",,,,,,,,
"Sony 65 Class 4K (2160P) Smart OLED TV (XBR65A1E)""",,,,,,,,
Cyber-shot DSC-WX220 Digital Camera (Black),,,,,,,,
MG278Q 27 Widescreen LED Backlit TN Gaming Monitor,,,,,,,,
M.Zuiko Digital ED 40-150mm f/4-5.6 R Lens (Silver),,,,,,,,
4TB My Book Desktop USB 3.0 External Hard Drive,,,,,,,,
Gear 360 Spherical VR Camera,,,,,,,,
HD 700 Stereo Headphones,,,,,,,,
Details About Samsung Electronics Un49mu8000 49inch 4k (2160p) Uhd Led Lcd Internet Smart Tv,,,,,,,,
Dell DW316 External USB Slim DVD R/W Optical Drive 429-AAUX,,,,,,,,
Canon Black EOS Rebel T5i Digital SLR Camera with 18 Megapixels and 18-135mm Lens Included,,,,,,,,
Thermaltake - SMART Series 650W Bronze Power Supply - Black,,,,,,,,
Details About 128gb Sony Xqd Qdg128e/j Memory Card,,,,,,,,
1500-Watt Digital Infrared Heater with Wi-Fi Phone App - White,,,,,,,,
"Details About Kenwood Ddx375bt Car Double Din 6.2 Touchscreen Usb Dvd Cd Bluetooth Stereo""",,,,,,,,
"MSI - 15.6 Laptop - Intel Core i7 - 16GB Memory - NVIDIA GeForce GTX 1060 - 1TB Hard Drive + 256GB Solid State Drive - Black""",,,,,,,,
fr Case for Galaxy S7 (Black),,,,,,,,
EOS Rebel SL2 DSLR Camera Body Deluxe Kit,,,,,,,,
M-Audio - Over-the-Ear Headphones - Black,,,,,,,,
Sennheiser - HD 599 Over-the-Ear Headphones HD 5 - Brown/ivory/matte metallic,,,,,,,,
Razer Ripsaw USB 3.0 Game Stream and Capture Card for PC,,,,,,,,
Adventura SH 140 II Shoulder Bag (Black),,,,,,,,
"Refurbished Samsung Curved 65 4K (2160P) Smart QLED TV (2017 Model) + 1 Year Extended Warranty (QN65Q7CAMFXZA)""",,,,,,,,
Toshiba X300 4TB Performance Desktop and Gaming Hard Drive 7200 RPM 128MB Cache SATA 6.0Gb/s 3.5 Inch Internal Hard Drive (HDWE140XZSTA),,,,,,,,
Alpha a5100 Mirrorless Digital Camera with 16-50mm Lens (White),,,,,,,,
Cooler Master - HAF X Ultimate Full-Tower Chassis - Black,,,,,,,,
"Details About Samsung 55 Class 4k (2160p) Smart Led Tv (un55mu7000fxza)""",,,,,,,,
"Sony - 55 Class - LED - X800E Series - 2160p - Smart - 4K UHD TV with HDR""",,,,,,,,
"MTX - Monitor Series Dual 6-1/2 200W 2-way Center-Channel Speaker (Each) - Black""",,,,,,,,
Details About New Oem Apple Ipad Air 2 Otterbox Defender Rugged Series Case With Kick Stand,,,,,,,,
Pyle Backup Rear View Car Camera Monitor Screen System Kit - Parking and Reverse Safety Distance Scale Lines,,,,,,,,
UBD-M9500 HDR UHD Upscaling Blu-ray Disc Player,,,,,,,,
HT-XT2 170W 2.1-Channel TV Speaker Base (Black),,,,,,,,
mophie powerstation Plus Mini External Battery with Built in Cables for Smartphones and Tablets (4,,,,,,,,
Actiontec 300 Mbps Wireless-N ADSL Modem Router (GT784WN),,,,,,,,
DP-300F Fully Automatic Turntable,,,,,,,,
Linksys Velop Tri-Brand Whole Home WiFi System-- White (AC6600),,,,,,,,
Olympus TG-5 Waterproof Camera with 3-Inch LCD,,,,,,,,
MyWirelessTV2 Multi-Room Wireless HD Video Kit,,,,,,,,
NETGEAR Nighthawk X10 AD7200 802.11ac/ad Quad-Stream WiFi Router,,,,,,,,
"4TB Network OEM HDD Retail Kit (8-Pack, WD40EFRX, Red Drives)",,,,,,,,
Master and Dynamic MH40S2 Award Winning Over-ear,,,,,,,,
Apple - iPod touch® 32GB MP3 Player - Space Gray,,,,,,,,
CORSAIR - ML Series 140mm Case Cooling Fan - White,,,,,,,,
EA9300 Tri-Band Wireless-AC4000 MAX-STREAM MU-MIMO Gigabit Router,,,,,,,,
"Sanus Tilt TV Wall Mount for 46 - 90"" - Bracket fits most LED""",,,,,,,,
EcoXGear Ecostone Bluetooth Speaker,,,,,,,,
"AOC - 18.5 LED Monitor - Black""",,,,,,,,
Alpha a7 II Mirrorless Digital Camera Body with Accessory Kit,,,,,,,,
4K Video Camera,,,,,,,,
Sony - XB7 Extra Bass Audio System with Bluetooth - Black,,,,,,,,
RS 195 Digital Wireless Headphone System,,,,,,,,
Samsung - 850 EVO 500GB Internal SATA Solid State Drive for Laptops and PC,,,,,,,,
"Details About Openbox Excellent: Alienware Aw2518h 25 Led Fhd Gsync Monitor Black""",,,,,,,,
"ELECTRIC100H Spectrum Motorized Projection Screen (49 x 87, 110V, 60Hz)",,,,,,,,
Seagate Backup Plus 2TB Portable External Hard Drive for Mac USB 3.0 + 2mo Adobe CC Photography (STDS2000100),,,,,,,,
XBR-X850E-Series 75-Class HDR UHD Smart LED TV,,,,,,,,
GoPro HERO6 Black Camera,,,,,,,,
Razer Naga Chroma MMO Gaming Mouse 12 Programmable Thumb Buttons 16000 DPI Wired,,,,,,,,
The Rebel BT On-Ear Wireless Bluetooth Headphones (Black),,,,,,,,
Samsung Radiant360 R1 Wi-Fi/Bluetooth Speaker WAM1500/ZA - Black (Certified Refurbished),,,,,,,,
Details About Razer Mamba Chroma Professional Grade Esports Wired/wireless Ergonomic Gaming,,,,,,,,
Toshiba - 1TB Internal SATA Hard Drive for Laptops,,,,,,,,
Clarity - Super-Loud Phone Ringer - White,,,,,,,,
Details About Fits Chevy Silverado Pickup 19992006 Speaker Upgrade Pioneer Tsg1345r Tsg4620s,,,,,,,,
Details About Microsoft Arc Mouse Bluetooth 4.0 Souris Wireless For Surface Windows 10,,,,,,,,
SiriusXM - Onyx Plus Satellite Radio Receiver with Home Kit - Black,,,,,,,,
Nikon - COOLPIX B700 20.2-Megapixel Digital Camera - Black,,,,,,,,
iPhone 7 Smart Battery Case (Black),,,,,,,,
32GB High Speed UHS-I SDHC U3 Memory Card (Class 10),,,,,,,,
Apple - Smart Cover for Apple iPad and iPad® Air 2 - Charcoal Gray,,,,,,,,
Tablo DUAL OTA DVR for Cord Cutters - 64 GB with WiFi - For use with HDTV Antennas,,,,,,,,
CORSAIR HYDRO SERIES H100i v2 AIO Liquid CPU Cooler,,,,,,,,
Belkin Travel RockStar Surge Protector with 2 AC Outlets,,,,,,,,
Toshiba - 1TB Internal SATA Hard Drive for Desktops,,,,,,,,
T113UWS1 Portable Tripod Screen (80x80),,,,,,,,
Samsung Galaxy Grand Prime G530A AT_T Unlocked 4G LTE Phone w/ 8MP Camera - White,,,,,,,,
Wireless HD Digital Kit,,,,,,,,
JVC KW-R920BTS 2-DIN Bluetooth In-Dash Car Stereo and SiriusXM Ready #KW92BT,,,,,,,,
Denon AVRX2300W  Dealer ReCertified  7.2 AV Receiver w/ Dolby Atmos,,,,,,,,
"Rand McNally 0528011715 IntelliRoute 7 TND 730 GPS Unit""",,,,,,,,
EF 50mm f/1.4 USM Lens,,,,,,,,
Philips174 Blu-Ray Disc Player,,,,,,,,
"Asus - 17.3 Laptop - Intel Pentium - 8GB Memory - 1TB Hard Drive - Black""",,,,,,,,
Sony MDRXB950B1 Extra Bass Wireless Headphones App Control BLACK #97 (GRADE A),,,,,,,,
DUB-1340 4-Port USB 3.1 Gen 1 Hub,,,,,,,,
Pioneer - Elite 7.2-Ch. Hi-Res 4K Ultra HD HDR Compatible A/V Home Theater Receiver - Black,,,,,,,,
Kingston - HyperX Savage 480GB Internal SATA III Solid State Drive for Laptops,,,,,,,,
SanDisk - High Endurance 64GB microSDXC Memory Card,,,,,,,,
Kenwood - CD - Built-In Bluetooth - Apple® iPod®- and Satellite Radio-Ready - In-Dash Deck - Black,,,,,,,,
"Samsung Galaxy Tab E Lite Kids 7; 8 GB Wifi Tablet (White) SM-T113NDWACCC""",,,,,,,,
"VIZIO - 50 Class - LED - M-Series - 2160p - Smart - Home Theater Display with HDR""",,,,,,,,
Sony - Premium Jacket Camera Case - Black,,,,,,,,
"Alpine - 6-1/2 2-Way Component Car Speakers with Poly-Mica Cones (Pair) - Black""",,,,,,,,
Details About Spring Deals Retal Box Sale Sx720 Canon Powershot Sx 720 Hs Digital Camera,,,,,,,,
"VIZIO 39 Class FHD (1080P) Smart LED TV (D39f-E1)""",,,,,,,,
Alpha a6000 Mirrorless Digital Camera with 16-50mm and 55-210mm Lenses Kit (Silver),,,,,,,,
Details About Razer Kraken Pro V2 Analog Gaming Headset For Pc/xbox One/ps4 Black (p05),,,,,,,,
Details About Sony Kd43x720e 43inch 4k Ultra Hd Smart Led Tv (2017 Model) Kd43x720e,,,,,,,,
Versavu Classic 360 Case for Apple iPad Air,,,,,,,,
"ViewSonic - 21.5 LED HD Monitor - Black""",,,,,,,,
"Planet Audio - 6.2 - Bluetooth - In-Dash DVD Receiver - Black""",,,,,,,,
Details About Wd Red Pro 8tb Nas Desktop Hard Drive Intellipower 6 Gbs 128 Mb Cache Wd8001ffwx,,,,,,,,
391 Series C32F391 32 16:9 Curved FreeSync LCD Monitor,,,,,,,,
Everest Elite 700 Around-Ear Wireless Headphones (White),,,,,,,,
Sony - Cyber-shot DSC-HX80 18.2-Megapixel Digital Camera,,,,,,,,
Sony MDR-1A Headphone - Black (International Version U.S. warranty may not apply),,,,,,,,
"Samsung - 49 Class - LED - Q6F Series - 2160p - Smart - 4K UHD TV with HDR""",,,,,,,,
"Kicker DSC44 4 D-Series 2-Way Car Speakers with 1/2"" Tweeters""",,,,,,,,
"2) New Kicker 41KSC6934 6x9 3-Way 300 Watt Car Audio Coaxial Speakers KSC693""",,,,,,,,
ZS-RS60BT CD Boombox,,,,,,,,
"Kenwood - 6.2 - Apple CarPlay™ - Built-in Navigation - Bluetooth - In-Dash CD/DVD/DM Receiver - Black""",,,,,,,,
"7.0 Tab A 8GB Tablet (Wi-Fi Only, Black)",,,,,,,,
iPL24 FM Clock Radio with Lightning Dock and USB Port (Gunmetal),,,,,,,,
Optoma - UHD60 4K DLP Projector with High Dynamic Range - White,,,,,,,,
MU9000-Series 65-Class HDR UHD Smart LED TV,,,,,,,,
V-MODA - Crossfade 2 Wireless Over-the-Ear Headphones - Rose gold,,,,,,,,
M80UWH Manual Series Projection Screen (39.6 x 69.6),,,,,,,,
"Samsung - 40 Class (39.5"" Diag.) - LED - 1080p - Smart - HDTV""",,,,,,,,
TL-SF1008P 8-Port 10/100Mbps Desktop Switch with 4-Port PoE,,,,,,,,
SanDisk - Ultra 32GB microSDHC Class 10 Memory Card,,,,,,,,
Att Samsung Galaxy Express 3,,,,,,,,
JOBY GorillaPod 3K Kit. Compact Tripod 3K Stand and Ballhead 3K for Compact Mirrorless Cameras or devices up to 3K (6.6lbs). Black/Charcoal.,,,,,,,,
3TB AirPort Time Capsule (5th Generation),,,,,,,,
BOYO - Concealed Mount License Plate Camera with Night Vision - Black,,,,,,,,
Logitech Harmony Smart Control with Smartphone App and Simple All In One Remote - Black,,,,,,,,
Alpine - UTE - Apple iPod- and Satellite Radio-Ready - In-Dash Receiver - Black,,,,,,,,
Details About *new~sennheiser Hd 4.50 Btnc Wireless Noise Cancelling Headphones~touch Controls,,,,,,,,
MU8000-Series 65-Class HDR UHD Smart LED TV,,,,,,,,
LG Electronics OLED65C7P 65-Inch 4K Ultra HD Smart OLED TV - Refurbished,,,,,,,,
SanDisk Extreme 500 480GB USB 3.0 Portable SSD (Solid State Drive) - SDSSDEXT-480G,,,,,,,,
iSimple ISBC01 BluClik Bluetooth Remote Control with Steering Wheel and Dash Mounts,,,,,,,,
Details About Garmin Etrex 10 Handheld Outdoor Hiking Gps Receiver Brand New 0100097000,,,,,,,,
Apple - Pre-owned 9.7-inch iPad Pro - 32GB - Space gray,,,,,,,,
GP60NB50 8x Super-Multi Portable DVD Rewriter with M-DISC,,,,,,,,
Sony - XB20 Portable Bluetooth Speaker - Blue,,,,,,,,
Details About Kenwood 12 Inch 2000 Watt 4 Ohm Single Voice Coil Audio Subwoofer | Kfcw3016ps,,,,,,,,
SiriusXM SXSD2 Portable Speaker Dock Audio System for Dock and Play Radios (Black),,,,,,,,
V-MODA - CROSSFADE M-100 Over-the-Ear Headphones - Shadow,,,,,,,,
Grace Digital - 3Play Bluetooth Audio Adapter - Black,,,,,,,,
PowerShot G7 X Mark II Digital Camera with Free Accessory Kit,,,,,,,,
"Sony - 55 Class - OLED - A1E Series - 2160p - Smart - 4K UHD TV with HDR""",,,,,,,,
House of Marley Smile Jamaica In-Ear Earbuds,,,,,,,,
Logitech K800 Wireless Illuminated Keyboard — Backlit Keyboard,,,,,,,,
LG - Super-Multi 24x External USB 2.0 Double-Layer DVD±/CD-RW Drive - Black,,,,,,,,
Asus RT-AC5300 IEEE 802.11ac Ethernet Wireless Router - 2.40 GHz ISM Band - 5 GHz UNII Band - 8 x Antenna(8 x External) - 5334 Mbit/s Wireless Speed - 4 x Network Port - 1 x Broadband Port - USB - Gig,,,,,,,,
"Polk Audio - Vanishing Series RT 7 3-Way In-Ceiling Speaker (Each) - White""",,,,,,,,
Source 530 Full Tower Case (Black),,,,,,,,
Silicondust HDHomeRun-HD-Television-Tuner,,,,,,,,
Liberate XLBT Bluetooth Headphones (Midnight),,,,,,,,
Sanus WSS2-W1 White Sonos Speaker Stands,,,,,,,,
LG Electronics OLED65E6P Flat 65-Inch 4K Ultra HD Smart OLED TV (2016 Model),,,,,,,,
"Details About Samsung 24 Class Hd (720p) Smart Led Tv (un24m4500)""",,,,,,,,
Onkyo - TX 7.2-Ch. Network-Ready A/V Home Theater Receiver - Black,,,,,,,,
Details About Seagate 4 Terabyte (4tb) Superspeed Usb 3.0 Game Drive For Xbox One Stea4000402,,,,,,,,
AF-S NIKKOR 85mm f/1.8G Lens,,,,,,,,
Sigma - 35mm f/1.4 DG HSM Art Standard Lens for Canon - Black,,,,,,,,
V206HQL Abd 19.5 LED Backlit LCD Monitor (Black),,,,,,,,
Seagate Backup Plus Ultra Slim 2TB Portable External Hard Drive,,,,,,,,
Amazon - Amazon Tap Portable Bluetooth and Wi-Fi Speaker - Black,,,,,,,,
FUGOO - Sport XL Portable Bluetooth Speaker - Black/White,,,,,,,,
Lumix G 25mm f/1.7 ASPH. Lens,,,,,,,,
Details About Genuine Used Apple 85w Magsafe Power Adapter Mc556ll/b Model A1343 1185cl,,,,,,,,
Bower - Electret Condenser Microphone,,,,,,,,
"Samsung - 50 Class (49.5"" Diag.) - LED - 1080p - Smart - HDTV""",,,,,,,,
"Samsung Level U PRO Headphones with ANC, Black",,,,,,,,
CORSAIR CL-9011109-WW Lighting Node PRO,,,,,,,,
"Refurbished Vizio 55 Class 4K (2160P) Smart LED Home Theater Display (M55-D0)""",,,,,,,,
Pioneer GM-D8601 Class D Mono Amplifier with Wired Bass Boost Remote,,,,,,,,
Apple MD825AM/A Lightning to VGA Adapter for iPhones,,,,,,,,
Details About New Arris Surfboard 16x Cable Modem With Wifi Ac1900 Router (sbg6900ac),,,,,,,,
"Magellan Roadmate 5322-LM 5 Touchscreen Portable GPS Navigation System""",,,,,,,,
"SAMSUNG 40 Class FHD (1080P) Smart LED TV (UN40J5200AF)""",,,,,,,,
PMX840BT Bluetooth 8-Channel 800-Watt Powered Mixer with MP3,,,,,,,,
"Details About Alpine 480w 6.5 2way Typee Coaxial Car Speakers W/ Silk Tweeters | Spe6000""",,,,,,,,
Kicker 43CXA3001 600 Watt MONO Class D Power Car Audio Amplifier Amp CXA300.1,,,,,,,,
Boytone - 2500W 2.1-Ch. Home Theater System - Black Diamond,,,,,,,,
"Portable Bluetooth Wireless Speaker, Red",,,,,,,,
PyleHome - LCD Projector - Silver/White,,,,,,,,
PowerShot G9 X Digital Camera Accessory Kit (Silver),,,,,,,,
PP999 Phono Preamplifier,,,,,,,,
Razer Kraken Pro Gaming Headset Green,,,,,,,,
JBL Clip2 Portable Speaker,,,,,,,,
SoundSport Wireless In-Ear Headphones (Black),,,,,,,,
"Samsung - 55 Class - LED - Curved - Q7C Series - 2160p - Smart - 4K UHD TV with HDR""",,,,,,,,
450 Mbps 2.4/5GHz Wireless N Dual Band PCI Express Adapter,,,,,,,,
"Alpine - 5 x 7"" 2-Way Coaxial Car Speakers with Poly-Mica Cones (Pair) - Black""",,,,,,,,
Linksys AC1900 Gigabit Range Extender/WiFi Booster/Repeater MU-MIMO (Max Stream RE7000),,,,,,,,
Pinnacle P1 High Fidelity Audiophile In-Ear Headphones,,,,,,,,
Cobra - Radar and Laser Detector,,,,,,,,
Microsoft Surface Pro 4 Type Cover with Fingerprint ID,,,,,,,,
"Power Acoustik Pmd-102x 10.1 Ceiling-Mount Swivel Monitor With DVD""",,,,,,,,
"Samsung 24 Class HD (720P) LED TV (UN24H4500)""",,,,,,,,
"LG - 65 Class - LED - SJ8500 Series - 2160p - Smart - 4K UHD TV with HDR""",,,,,,,,
"SAMSUNG 65 Class 4K (2160P) Ultra HD Smart QLED HDR TV QN65Q6FNAFXZA (2018 Model)""",,,,,,,,
Details About Optoma Hd142x Full Hd 10980p 3d Dlp Home Theater Projector,,,,,,,,
Vizio 38 5.1 Sound Bar System - Black (sb3851-C0),,,,,,,,
V-MODA Crossfade Wireless Over-Ear Headphones - Phantom Chrome,,,,,,,,
e1659Fwu 16 Widescreen USB 3.1 Gen 1 Powered LED Backlit LCD Monitor,,,,,,,,
XB550AP EXTRA BASS Headphones (Black),,,,,,,,
Riing 12 LED 120mm Radiator Fan (Blue),,,,,,,,
Sony - RF995RK Wireless Over-the-Ear Headphones - Black,,,,,,,,
Aeon 71.5 x 130.9 16:9 Fixed Frame Projection Screen with CineWhite Projection Surface,,,,,,,,
SRS-XB40 Bluetooth Speaker (Black),,,,,,,,
XB80BS Extra Bass Sports In-Ear Bluetooth Headphones (Black),,,,,,,,
"Atrend-Bbox 10 Dual Front-Fire Enclosure for Dodge Ram 19962002""",,,,,,,,
"Polk Audio - 7 3-Way Floor Speaker (Each) - Cherry""",,,,,,,,
Lumix DMC-G7 Mirrorless Micro Four Thirds Digital Camera with 14-42mm Lens and Accessory Kit (Black),,,,,,,,
CORSAIR - VENGEANCE LED Series 16GB (2PK 8GB) 3.0GHz DDR4 Desktop Memory with LED Lighting - Black,,,,,,,,
Flexson - Wall Mount for Sonos PLAY:1 Speakers (2-Pack) - White,,,,,,,,
"Sony - 49 Class - LED - X900E Series - 2160p - Smart - 4K UHD TV with HDR""",,,,,,,,
Pioneer - 5.1-Ch. 4K Ultra HD HDR Compatible A/V Home Theater Receiver - Black,,,,,,,,
TL-SG108 8-Port 10/100/1000 Mbps Unmanaged Desktop Switch,,,,,,,,
T92UWH Portable Tripod Screen (45x80),,,,,,,,
"PLAYBAR Wireless Soundbar, Wireless Speaker Pair, and Wireless Subwoofer Kit (White)",,,,,,,,
AVR-S730H 7.2-Channel Network A/V Receiver,,,,,,,,
StarTech.com - DVI Dual-Monitor USB 3.0 Docking Station - Black / Silver,,,,,,,,
CORSAIR - Vengeance LPX 16GB (2PK x 8GB) 3.2 GHz DDR4 DRAM Desktop Memory Kit - Black,,,,,,,,
PLAY:3 Wireless Speaker (Black),,,,,,,,
Details About Razer Blackwidow Chroma V2,,,,,,,,
"ELECTRIC125H Spectrum Motorized Projection Screen (61 x 109, 110V, 60Hz)",,,,,,,,
AfterShokz Trekz Titanium Wireless Headphones,,,,,,,,
"Sony 43 Class 4K UHD (2160P) Smart LED TV (XBR43X800E)""",,,,,,,,
Roll Bar Mount,,,,,,,,
AVR-X3400H 7.2-Channel Network A/V Receiver,,,,,,,,
"Samsung - 40 Class - LED - MU7000 Series - 2160p - Smart - 4K UHD TV with HDR""",,,,,,,,
Leviathan Elite Gaming Soundbar,,,,,,,,
SRS-XB40 Bluetooth Speaker (Blue),,,,,,,,
"Sony - 2.1-Channel Soundbar System with 6.3 Wireless Subwoofer and Digital Amplifier - Black""",,,,,,,,
SRS-XB10 Bluetooth Speaker (White),,,,,,,,
Samsung-3-Pack-Connect-Home-Smart-Wi-Fi-System-AC1300,,,,,,,,
Alpha a7 Mirrorless Digital Camera with 28-70mm Lens and Battery Kit,,,,,,,,
"Power Acoustik LP-3CSC License Plate with 2 Backup Sensors and CCD Camera, Chrome",,,,,,,,
My Cloud Expert Series EX4100 24TB 4-Bay NAS Server (4 x 6TB),,,,,,,,
BC 30 Wireless Backup Camera with Car Adapter Power Cable,,,,,,,,
V-MODA XS On-Ear Folding Design Noise-Isolating Metal Headphone (Matte Black Metal),,,,,,,,
ECOXGEAR - ECOSTONE Bluetooth Waterproof Speaker - Blue,,,,,,,,
Single DIN Head Unit Receiver - In-Dash Car Stereo with 7” Multi-Color Touchscreen Display - Audio Video System with Bluetooth for Wireless Music Streaming & Hands-free Calling - Pyle PLTS78DUB,,,,,,,,
Pioneer 200W 4x6 Inch 3 Way 4 Ohms Coaxial Car Audio Speakers Pair | TS-A4676R,,,,,,,,
CORSAIR M65 Pro RGB - FPS Gaming Mouse - 12,,,,,,,,
Seagate - Backup Plus 5TB External USB 3.0 Portable Hard Drive - silver,,,,,,,,
Sony SRSHG1/BLK Hi-Res Wireless Speaker- Charcoal black,,,,,,,,
"Samsung - 65 Class - LED - MU6290 Series - 2160p - Smart - 4K Ultra HD TV with HDR""",,,,,,,,
VXi - BlueParrott B450-XT Bluetooth Headset - Black,,,,,,,,
"D3400 DSLR Camera with 18-55mm and 70-300mm Lenses (Red, Refurbished)",,,,,,,,
AVR-S530BT 5.2-Channel A/V Receiver,,,,,,,,
HT-NT5 400W 2.1-Channel Soundbar System,,,,,,,,
Sony Premium Noise Cancelling,,,,,,,,
Cyber-shot DSC-RX100 V Digital Camera,,,,,,,,
Grace Digital - 100W 2.0-Ch. Amplifier - Black,,,,,,,,
SRS-ZR7 Wireless Speaker,,,,,,,,
Cyber-shot DSC-WX350 Digital Camera Deluxe Kit (Black),,,,,,,,
Sony MDR-1000X/C Wireless Bluetooth Noise Cancelling Hi-Fi Headphones (Certified Refurbished),,,,,,,,
Dell USB 3.0 Ultra HD/4K Triple Display Docking Station (D3100),,,,,,,,
22 Widescreen Full HD 1080p LED Monitor,,,,,,,,
"KICKER - 6.5 2-Way Full-Range Speakers (Pair) - White""",,,,,,,,
JBL Cinema SB350 Soundbar System,,,,,,,,
SiriusXM Commander Touch Full-Color,,,,,,,,
"Samsung - 32 Class (31.5"" Diag.) - LED - 720p - Smart - HDTV""",,,,,,,,
"Refurbished LG 65 Class 4K (2160P) Smart LED TV (65UJ7700)""",,,,,,,,
7.2CH AVR WITH WIFI _ BLUETOOTH 2 HDMI OUTPUTS 90 WATTS/CH.,,,,,,,,
Samsung - Fast Charge Wireless Charger - Black,,,,,,,,
"Sony - Core Series Dual 5 3-Way Floorstanding Speaker (Each) - Black""",,,,,,,,
PNY - NVIDIA GeForce GTX 1060 6GB GDDR5 PCI Express 3.0 Graphics Card - Black,,,,,,,,
Escort Solo S3 Cordless Radar Detector,,,,,,,,
Pioneer Elite VSX-LX101 7.2 Channel Networked AV Receiver with Built-In Bluetooth _ Wi-Fi Black,,,,,,,,
"Kenwood - 6.5 2-Way Marine Speakers with Polypropylene Cones (Pair) - Black""",,,,,,,,
Sandisk Flash Mp3 Player 8gb - Pink (sdmx24008p),,,,,,,,
"LG - 55 Class - LED - UJ7700 Series - 2160p - Smart - 4K UHD TV with HDR""",,,,,,,,
"Pyle BT Vintage Style Turntable with AM/FM Radio, CD _ Cassette Players, USB Flash Recording _ Slide-Out /MP3 Dock",,,,,,,,
Turtle Beach - EAR FORCE Stealth 450 Over-the-Ear Wireless Gaming Headset for PC - Black/Red,,,,,,,,
New OEM Braven LUX Pearl Portable HD Wireless Bluetooth Speaker Power Bank,,,,,,,,
Cerwin Vega - SL Series 2-Way Center-Channel Loudspeaker - Black,,,,,,,,
Toshiba - 2TB Internal SATA Hard Drive for Desktops,,,,,,,,
Russound - 2-Way Outdoor Rock Loudspeaker (Each) - Gray Granite,,,,,,,,
"Power Acoustik - MOFO 15.50 1700 W Woofer - Royal Blue""",,,,,,,,
Details About Seagate Expansion 1tb External Usb 3.0 Portable Hard Drive Black,,,,,,,,
Sony HTST9 Soundbar with Wireless Subwoofer Bluetooth and Google Cast,,,,,,,,
"Russound - Acclaim 5 Series 5-1/4 2-Way Indoor/Outdoor Speakers (Pair) - White""",,,,,,,,
"Samsung - 65 Class - LED - MU7000 Series - 2160p - Smart - 4K UHD TV with HDR""",,,,,,,,
NETGEAR - AC600 Dual-Band WiFi USB Mini Adapter - Black,,,,,,,,
VS278Q-P 27 16:9 LCD Monitor,,,,,,,,
Apple iPod Touch,,,,,,,,
WD - My Book 6TB External USB 3.0 Hard Drive - Black,,,,,,,,
Samsung SNH-P6410BN SmartCam HD Pro 1080p WiFi IP Camera,,,,,,,,
VG939SM 19 Ergonomic LED LCD Multimedia Display,,,,,,,,
"Hisense 65 Class 4K(2160p) Smart LED TV (65H9PLUS)""",,,,,,,,
Details About Microsoft Surface Pen Stylus W/ Tip Kit For Surface Pro 3,,,,,,,,
Zoom - H1 Handy Recorder - Black,,,,,,,,
Sanus - Speaker Stands (Pair) - Black,,,,,,,,
"Refurbished TCL 49 Class 4K (2160P) Roku Smart LED TV (49S405)""",,,,,,,,
Samsung UN55KS8500 Curved 55-Inch 4K Ultra HD Smart LED TV (2016 Model),,,,,,,,
Sony MDRXB950N1 Headphones Bluetooth Noise Cancel Extra Bass Blk MDR-XB950N1 #95,,,,,,,,
"Sharp Aquos N7000 65 Class 4K Ultra WiFi Smart LED HDTV""",,,,,,,,
"Pioneer - Andrew Jones Soundbar System with 6-1/2 Wireless Subwoofer - Black""",,,,,,,,
PDWM1904 Single-Channel Wireless System with Headset Lavalier Microphones,,,,,,,,
Details About Evga Nvidia Geforce Gtx 1080 Sc Gaming 8gb Gddr5x Pci Express 3.0 Graphics ...,,,,,,,,
"Hisense - 55 Class - LED - H8 Series - 2160p - Smart - 4K UHD TV with HDR""",,,,,,,,
Samsung Galaxy Tab E Lite 7 8gb White - Sm-T113nykaxar,,,,,,,,
Details About Zmodo Greet Wifi Video Doorbell W/ Zmodo Beam Smart Home Hub And Wifi Extender,,,,,,,,
CD Recorder Cassette and Turntable BLACK,,,,,,,,
Sony STRDN1070 7.2-channel AV Receiver w/ Bluetooth,,,,,,,,
Acer 15.6 Chromebook CB5-571-C4G4,,,,,,,,
Virgin Mobile - LG Stylo™ 3 4G LTE with 16GB Memory Prepaid Cell Phone - Gray,,,,,,,,
Seagate - SkyHawk Surveillance HDD 6TB Internal SATA Hard Drive for Desktops,,,,,,,,
"HP 15-AY103DX 15.6 Touchscreen Touch Screen HD Laptop Notebook PC Computer 7th Gen i5-7200U Kaby Lake 8GB Memory 1TB HDD Hard Drive Windows 10""",,,,,,,,
Sony - 5.1-Ch. 3D / Smart Blu-ray Home Theater System - Black,,,,,,,,
inactive,,,,,,,,
Viper 7153V 1-Way 5-Button SuperCode Replacement Remote for 5701,,,,,,,,
Refurbished Jaybird F5-S-B Freedom F5 In-Ear Wireless Headphones - Carbon,,,,,,,,
"Asus Zenbook Ux303uadh51t 13.3 Fhd Touchscreen Core I56200u 8gb 256gb""",,,,,,,,
"LG - 28 Class (27.5"" Diag.) - LED - 720p - HDTV""",,,,,,,,
ZTE Warp Elite No Contract Phone - Retail Packaging - Boost,,,,,,,,
"Samsung - 55 Class - LED - Curved - MU6490 Series - 2160p - Smart - 4K Ultra HD TV with HDR""",,,,,,,,
Jensen174 Portable 3-Speed Stereo Turntable With Built-In Speakers - Black (jta-410 ),,,,,,,,
SP-FS52 Andrew Jones Designed Floorstanding Loudspeaker,,,,,,,,
"Alienware - R3 17.3 Laptop - Intel Core i7 - 16GB Memory - 1TB Hard Drive + 256GB Solid State Drive - Epic Silver""",,,,,,,,
LG Electronics OLED65C6P Curved 65-Inch 4K Ultra HD Smart OLED TV (2016 Model),,,,,,,,
BRAVEN BRV-HD Wireless Bluetooth Speaker [28 Hour Playtime][Water Resistant] Built-In 8800 mAh Power Bank Charger - Black,,,,,,,,
"Sony - Core Series 10 115W Active Subwoofer - Black""",,,,,,,,
P-Series 55-Class UHD SmartCast LED Home Theater Display,,,,,,,,
Sennheiser Momentum 2.0 for Samsung Galaxy - Black,,,,,,,,
Pioneer - 5.1-Ch. Network-Ready 4K Ultra HD and 3D Pass-Through HDR Compatible A/V Home Theater Receiver - Black,,,,,,,,
"Samsung 64GB PRO+ microSDHC Card with Adapter, MB-MD64DA/AM",,,,,,,,
CORSAIR K70 RGB RAPIDFIRE Mechanical Gaming Keyboard - USB Passthrough and Media Controls - Fastest and Linear - Cherry MX Speed - RGB LED Backlit,,,,,,,,
HP ENVY 34-b010 34-inch Curved All-in-One Computer (Intel Core i7-7700T,,,,,,,,
Universal Projector Mount with 3 Extension Column,,,,,,,,
Canary-Moble-phone-compatible-Digital-Wireless-Indoor-Security-Camera-with-Night-Vision,,,,,,,,
Details About Evga Nvidia Geforce Gtx 1060 Ssc Gaming 6gb Gddr5 Pci Express 3.0 Graphics ...,,,,,,,,
HT-CT790 330W 2.1-Channel Soundbar System,,,,,,,,
Samsung - Adaptive Fast Charging Wall Charger - White,,,,,,,,
"RCA Indoor Digital TV Antenna, Amplified, 40-Mile Range",,,,,,,,
P101 Ceiling Projector Mount (White),,,,,,,,
Details About Sylvania Dual Portable Dvd Player W/ 9inch Widescreen Led Display Refurbished,,,,,,,,
VIZIO M-Series 70” SmartCast 2160p 4K XHDR Plus XLED Plus Display (M70-D3),,,,,,,,
LG - MiniBeam PH550 720p DLP Projector - White,,,,,,,,
Sony - 1155W 7.2-Ch. Hi-Res Network-Ready 4K Ultra HD and 3D Pass-Through HDR Compatible A/V Home Theater Receiver - Black,,,,,,,,
Seagate Backup Plus Hub 8TB External Desktop Hard Drive Storage + 2mo Adobe CC Photography (STEL8000100),,,,,,,,
Braven BRV-BLADE Wireless Portable Bluetooth Speaker [22 Hour Playtime][Waterproof] 4000 mAh Power Bank Charger - Black,,,,,,,,
Sherwood - 400W 4.0-Ch. Stereo Receiver - Black,,,,,,,,
"Asus - 27 IPS LED HD GSync Monitor - Black""",,,,,,,,
Sherwood - 200W 2.0-Ch. A/V Home Theater Receiver - Black,,,,,,,,
naxa - 2.1-Channel Soundbar with 50-Watt Digital Amplifier - Black,,,,,,,,
Samsung UN65KS9500 65-inch Smart 4K UHD TV,,,,,,,,
"Samsung 55 Class 4K (2160P) Smart LED TV (UN55KU7000)""",,,,,,,,
"Lenovo Flex 4 1470 80SA0000US 2-in-1 - 14 HD Touch - Pentium 4405U 2.1Ghz - 4GB - 500GB""",,,,,,,,
TP-Link AV500 2-port Powerline Starter Kit,,,,,,,,
PNY - XLR8 NVIDIA GeForce GTX 1080 8GB GDDR5X PCI Express 3.0 Graphics Card - Black/Red,,,,,,,,
Toshiba - 2.0-Channel Soundbar with 16-Watt Digital Amplifier - Black,,,,,,,,
AVR-X2400H 7.2-Channel Network A/V Receiver,,,,,,,,
"Details About Asus Q304 13.3 Laptop I5 2.5 Ghz 6gb 1tb Hdd Win 10 (q304uabhi5t11)""",,,,,,,,
Toshiba - Canvio Basics 1TB External USB 3.0 Portable Hard Drive - White,,,,,,,,
"LG - 75 Class - LED - UJ6470 Series - 2160p - Smart - 4K UHD TV with HDR""",,,,,,,,
HP Pavilion 24-inch All-in-One Computer,,,,,,,,
DSLR Value Pack with Nikon School Online Course,,,,,,,,
Onkyo TX-8270 2 Channel Network Stereo Receiver with 4k HDMI,,,,,,,,
instax mini 8 Instant Film Camera and Groovy Case Kit (Raspberry),,,,,,,,
"Samsung - 40 Class - LED - MU6290 Series - 2160p - Smart - 4K Ultra HD TV with HDR""",,,,,,,,
House of Marley EM-DH003-PS TTR Noise-Cancelling Over-Ear Headphones (Black),,,,,,,,
Sony - 2.1-Channel Soundbar System with Wireless Subwoofer and Digital Amplifier - Black,,,,,,,,
12.3 32GB Multi-Touch 2-in-1 Chromebook Plus,,,,,,,,
YU2 Powered Desktop Speakers (Glossy Red),,,,,,,,
"Samsung - Galaxy Tab E - 9.6 - 16GB - Black""",,,,,,,,
"Kenwood KFC-1653MRW 6.5 2-way Marine Speakers Pair (White)""",,,,,,,,
Toshiba Micro Component Speaker System: Wireless Bluetooth Speaker Sound System with FM,,,,,,,,
Onkyo TXNR757 7.2 Channel Wireless A/V Receiver w/ HDCP2.2/HDR DTS _ Bluetooth,,,,,,,,
SiliconDust HDHomeRun CONNECT Quatro Live TV for Cord Cutters 4-Tuner (HDHR5-4US) with Terk Indoor Flat 4K HDTV Multi-Directional Antenna,,,,,,,,
Pioneer TS-SWX2502 10 inch Shallow-Mount Pre-Loaded Enclosure,,,,,,,,
W650D-Series 48-Class Full HD Smart LED TV,,,,,,,,
"Samsung - 65 Class - LED - Q7F Series - 2160p - Smart - 4K UHD TV with HDR""",,,,,,,,
"HP - Stream 14 Laptop - Intel Celeron - 4GB - 32GB eMMC Flash Memory - Office 365 Personal 1-Year Subscription Included - Aqua blue""",,,,,,,,
"Sony XBR-65A8F 65 BRAVIA OLED 4K HDR TV""",,,,,,,,
Energizer Nikon D5100/3100 Battery Grip,,,,,,,,
Reference Premiere RP-440C Center Speaker (Ebony),,,,,,,,
"Samsung - 55 Class - LED - Q8F Series - 2160p - Smart - 4K UHD TV with HDR""",,,,,,,,
Memorex CD/Cassette Recorder Boombox MP3 AM/FM FlexBeats MP3262 with Aux line in jack - Black,,,,,,,,
Phantom 530 Full-Tower Case (Black),,,,,,,,
"Samsung Leather Flip Book Cover Case for Samsung Galaxy Note 10.1 2014 Edition - Black Retail Packaging""",,,,,,,,
Hisense 50H4D Roku 50-inch HD Smart DLED TV,,,,,,,,
Sennheiser - HD 800 Over-the-Ear Headphones - Silver/Black,,,,,,,,
Aeon 58.3 x 104.1 16:9 Fixed Frame Projection Screen with CineWhite Projection Surface,,,,,,,,
V-MODA - Crossfade Wireless Headphones - Gunmetal Black,,,,,,,,
Ecoxgear Ecocarbon Bluetooth Waterproof Speaker (black),,,,,,,,
Details About Kicker Hp402bt Tabor Black Overtheear Wireless Bluetooth Headphones,,,,,,,,
Lumix G 42.5mm f/1.7 ASPH. POWER O.I.S. Lens,,,,,,,,
SanDisk 8GB Clip Jam MP3 Player (Pink),,,,,,,,
Details About Midland Wr120c Noaa Weather Alert Radio,,,,,,,,
Bose® - QuietComfort® 20 Headphones (Android) - Black,,,,,,,,
VPL-HW45ES Full HD Home Theater Projector (Black),,,,,,,,
WD - My Passport X 3TB External USB 3.0 Portable Hard Drive - Black,,,,,,,,
"Samsung - 49 Class (48.5"" Diag.) - LED - 1080p - Smart - HDTV""",,,,,,,,
"iSimple - StrongHold Headrest Mount for Most 7 - 10.2"" Tablets - Black""",,,,,,,,
Details About Seagate 1tb Internal Serial Ata Hard Drive For Laptops,,,,,,,,
CORSAIR - MM800 Polaris RGB Gaming Mouse Pad - Black,,,,,,,,
Rugged Book Keyboard and Case for iPad Air 2,,,,,,,,
ECOXGEAR ECOXBT Rugged and Waterproof Wireless Bluetooth Speaker (Orange),,,,,,,,
ProSafe 16-Port 10/100 Desktop Switch,,,,,,,,
Sony - Over-the-Ear Hi-Res Headphones - Black,,,,,,,,
V-MODA - CROSSFADE M-100 Over-the-Ear Headphones - Black,,,,,,,,
1506TSA Lock,,,,,,,,
CybertronPC - Rhodium Desktop - AMD FX-Series - 16GB Memory - NVIDIA GeForce GTX 1050 - 2TB Hard Drive - Green,,,,,,,,
NETGEAR AC1000 Dual Band Smart WiFi Router,,,,,,,,
"Startech VGA Video Extender Over Cat5, Point to Point",,,,,,,,
Canon EF 100mm f/2.8L IS USM Macro Lens for Canon Digital SLR Cameras,,,,,,,,
Details About Logitech G403 Prodigy Wireless Gaming Mouse,,,,,,,,
SiriusXM SXEZR1H1 XM Onyx EZR Satellite Radio with Free 3 Months Satellite and Streaming Service,,,,,,,,
"Kicker 41IK5BT2V2 Amphitheater High-Performance Audio System with Bluetooth, Black",,,,,,,,
Details About Zmodo Hd Wifi Home Security Camera Twoway Audio Motion Detection Cloud Service,,,,,,,,
SUT670P Slim Tilting Wall Mount for 32 to 80 Displays (Black),,,,,,,,
J5205 32-Class Full HD Smart LED TV,,,,,,,,
Sony XBR55X700D 55-Inch 4K Ultra HD Smart LED TV (2016 Model),,,,,,,,
Acer Predator G1-710 Desktop Computer - Intel Core i7-6700 3.4 GHz - 16 GB DDR4 SDRAM - 2 TB HDD + 512 GB SSD,,,,,,,,
SiriusXM SXEZR1V1 XM Onyx EZR Satellite Radio Receiver with Vehicle Kit,,,,,,,,
"Monster SuperStar BackFloat High-Definition Bluetooth Speaker, Neon Green",,,,,,,,
