,name,namex
0,Elite SC-LX501 7.2-Channel Network A/V Receiver,0
1,"Power Acoustik EG1-4500D Edge Series Monoblock Class D Amp, 4,500 Watts Max",1
2,PYLE - Amplifier - Black,2
3,Details About Sony Kd70x690e 70inch 4k Ultra Hd Smart Led Tv (2017 Model),3
4,Sennheiser - RS 175 Over-the-Ear Wireless Headphone System - Black,4
5,Silencio 352 microATX Case (Black),5
6,Alpha a7S II Mirrorless Digital Camera Body with Accessories Kit,6
7,PowerShot G5 X Digital Camera Free Accessory Kit,7
8,iHome iBN43BC Bluetooth Stereo Dual Alarm FM Clock Radio and Speakerphone with USB Charging,8
9,GoSafe S30 1080p Dash Cam,9
10,"LG - 65 Class - OLED - B7A Series - 2160p - Smart - 4K UHD TV with HDR""",10
11,"Sony 65 Class 4K (2160P) Smart OLED TV (XBR65A1E)""",11
12,Cyber-shot DSC-WX220 Digital Camera (Black),12
13,MG278Q 27 Widescreen LED Backlit TN Gaming Monitor,13
14,M.Zuiko Digital ED 40-150mm f/4-5.6 R Lens (Silver),14
15,4TB My Book Desktop USB 3.0 External Hard Drive,15
16,Gear 360 Spherical VR Camera,16
17,HD 700 Stereo Headphones,17
18,Details About Samsung Electronics Un49mu8000 49inch 4k (2160p) Uhd Led Lcd Internet Smart Tv,18
19,Dell DW316 External USB Slim DVD R/W Optical Drive 429-AAUX,19
20,Canon Black EOS Rebel T5i Digital SLR Camera with 18 Megapixels and 18-135mm Lens Included,20
21,Thermaltake - SMART Series 650W Bronze Power Supply - Black,21
22,Details About 128gb Sony Xqd Qdg128e/j Memory Card,22
23,1500-Watt Digital Infrared Heater with Wi-Fi Phone App - White,23
24,"Details About Kenwood Ddx375bt Car Double Din 6.2 Touchscreen Usb Dvd Cd Bluetooth Stereo""",24
25,"MSI - 15.6 Laptop - Intel Core i7 - 16GB Memory - NVIDIA GeForce GTX 1060 - 1TB Hard Drive + 256GB Solid State Drive - Black""",25
26,fr Case for Galaxy S7 (Black),26
27,EOS Rebel SL2 DSLR Camera Body Deluxe Kit,27
28,M-Audio - Over-the-Ear Headphones - Black,28
29,Sennheiser - HD 599 Over-the-Ear Headphones HD 5 - Brown/ivory/matte metallic,29
30,Razer Ripsaw USB 3.0 Game Stream and Capture Card for PC,30
31,Adventura SH 140 II Shoulder Bag (Black),31
32,"Refurbished Samsung Curved 65 4K (2160P) Smart QLED TV (2017 Model) + 1 Year Extended Warranty (QN65Q7CAMFXZA)""",32
33,Toshiba X300 4TB Performance Desktop and Gaming Hard Drive 7200 RPM 128MB Cache SATA 6.0Gb/s 3.5 Inch Internal Hard Drive (HDWE140XZSTA),33
34,Alpha a5100 Mirrorless Digital Camera with 16-50mm Lens (White),34
35,Cooler Master - HAF X Ultimate Full-Tower Chassis - Black,35
36,"Details About Samsung 55 Class 4k (2160p) Smart Led Tv (un55mu7000fxza)""",36
37,"Sony - 55 Class - LED - X800E Series - 2160p - Smart - 4K UHD TV with HDR""",37
38,"MTX - Monitor Series Dual 6-1/2 200W 2-way Center-Channel Speaker (Each) - Black""",38
39,Details About New Oem Apple Ipad Air 2 Otterbox Defender Rugged Series Case With Kick Stand,39
40,Pyle Backup Rear View Car Camera Monitor Screen System Kit - Parking and Reverse Safety Distance Scale Lines,40
41,UBD-M9500 HDR UHD Upscaling Blu-ray Disc Player,41
42,HT-XT2 170W 2.1-Channel TV Speaker Base (Black),42
43,mophie powerstation Plus Mini External Battery with Built in Cables for Smartphones and Tablets (4,43
44,Actiontec 300 Mbps Wireless-N ADSL Modem Router (GT784WN),44
45,DP-300F Fully Automatic Turntable,45
46,Linksys Velop Tri-Brand Whole Home WiFi System-- White (AC6600),46
47,Olympus TG-5 Waterproof Camera with 3-Inch LCD,47
48,MyWirelessTV2 Multi-Room Wireless HD Video Kit,48
49,NETGEAR Nighthawk X10 AD7200 802.11ac/ad Quad-Stream WiFi Router,49
50,"4TB Network OEM HDD Retail Kit (8-Pack, WD40EFRX, Red Drives)",50
51,Master and Dynamic MH40S2 Award Winning Over-ear,51
52,Apple - iPod touch® 32GB MP3 Player - Space Gray,52
53,CORSAIR - ML Series 140mm Case Cooling Fan - White,53
54,EA9300 Tri-Band Wireless-AC4000 MAX-STREAM MU-MIMO Gigabit Router,54
55,"Sanus Tilt TV Wall Mount for 46 - 90"" - Bracket fits most LED""",55
56,EcoXGear Ecostone Bluetooth Speaker,56
57,"AOC - 18.5 LED Monitor - Black""",57
58,Alpha a7 II Mirrorless Digital Camera Body with Accessory Kit,58
59,4K Video Camera,59
60,Sony - XB7 Extra Bass Audio System with Bluetooth - Black,60
61,RS 195 Digital Wireless Headphone System,61
62,Samsung - 850 EVO 500GB Internal SATA Solid State Drive for Laptops and PC,62
63,"Details About Openbox Excellent: Alienware Aw2518h 25 Led Fhd Gsync Monitor Black""",63
64,"ELECTRIC100H Spectrum Motorized Projection Screen (49 x 87, 110V, 60Hz)",64
65,Seagate Backup Plus 2TB Portable External Hard Drive for Mac USB 3.0 + 2mo Adobe CC Photography (STDS2000100),65
66,XBR-X850E-Series 75-Class HDR UHD Smart LED TV,66
67,GoPro HERO6 Black Camera,67
68,Razer Naga Chroma MMO Gaming Mouse 12 Programmable Thumb Buttons 16000 DPI Wired,68
69,The Rebel BT On-Ear Wireless Bluetooth Headphones (Black),69
70,Samsung Radiant360 R1 Wi-Fi/Bluetooth Speaker WAM1500/ZA - Black (Certified Refurbished),70
71,Details About Razer Mamba Chroma Professional Grade Esports Wired/wireless Ergonomic Gaming,71
72,Toshiba - 1TB Internal SATA Hard Drive for Laptops,72
73,Clarity - Super-Loud Phone Ringer - White,73
74,Details About Fits Chevy Silverado Pickup 19992006 Speaker Upgrade Pioneer Tsg1345r Tsg4620s,74
75,Details About Microsoft Arc Mouse Bluetooth 4.0 Souris Wireless For Surface Windows 10,75
76,SiriusXM - Onyx Plus Satellite Radio Receiver with Home Kit - Black,76
77,Nikon - COOLPIX B700 20.2-Megapixel Digital Camera - Black,77
78,iPhone 7 Smart Battery Case (Black),78
79,32GB High Speed UHS-I SDHC U3 Memory Card (Class 10),79
80,Apple - Smart Cover for Apple iPad and iPad® Air 2 - Charcoal Gray,80
81,Tablo DUAL OTA DVR for Cord Cutters - 64 GB with WiFi - For use with HDTV Antennas,81
82,CORSAIR HYDRO SERIES H100i v2 AIO Liquid CPU Cooler,82
83,Belkin Travel RockStar Surge Protector with 2 AC Outlets,83
84,Toshiba - 1TB Internal SATA Hard Drive for Desktops,84
85,T113UWS1 Portable Tripod Screen (80x80),85
86,Samsung Galaxy Grand Prime G530A AT_T Unlocked 4G LTE Phone w/ 8MP Camera - White,86
87,Wireless HD Digital Kit,87
88,JVC KW-R920BTS 2-DIN Bluetooth In-Dash Car Stereo and SiriusXM Ready #KW92BT,88
89,Denon AVRX2300W  Dealer ReCertified  7.2 AV Receiver w/ Dolby Atmos,89
90,"Rand McNally 0528011715 IntelliRoute 7 TND 730 GPS Unit""",90
91,EF 50mm f/1.4 USM Lens,91
92,Philips174 Blu-Ray Disc Player,92
93,"Asus - 17.3 Laptop - Intel Pentium - 8GB Memory - 1TB Hard Drive - Black""",93
94,Sony MDRXB950B1 Extra Bass Wireless Headphones App Control BLACK #97 (GRADE A),94
95,DUB-1340 4-Port USB 3.1 Gen 1 Hub,95
96,Pioneer - Elite 7.2-Ch. Hi-Res 4K Ultra HD HDR Compatible A/V Home Theater Receiver - Black,96
97,Kingston - HyperX Savage 480GB Internal SATA III Solid State Drive for Laptops,97
98,SanDisk - High Endurance 64GB microSDXC Memory Card,98
99,Kenwood - CD - Built-In Bluetooth - Apple® iPod®- and Satellite Radio-Ready - In-Dash Deck - Black,99
100,"Samsung Galaxy Tab E Lite Kids 7; 8 GB Wifi Tablet (White) SM-T113NDWACCC""",100
101,"VIZIO - 50 Class - LED - M-Series - 2160p - Smart - Home Theater Display with HDR""",101
102,Sony - Premium Jacket Camera Case - Black,102
103,"Alpine - 6-1/2 2-Way Component Car Speakers with Poly-Mica Cones (Pair) - Black""",103
104,Details About Spring Deals Retal Box Sale Sx720 Canon Powershot Sx 720 Hs Digital Camera,104
105,"VIZIO 39 Class FHD (1080P) Smart LED TV (D39f-E1)""",105
106,Alpha a6000 Mirrorless Digital Camera with 16-50mm and 55-210mm Lenses Kit (Silver),106
107,Details About Razer Kraken Pro V2 Analog Gaming Headset For Pc/xbox One/ps4 Black (p05),107
108,Details About Sony Kd43x720e 43inch 4k Ultra Hd Smart Led Tv (2017 Model) Kd43x720e,108
109,Versavu Classic 360 Case for Apple iPad Air,109
110,"ViewSonic - 21.5 LED HD Monitor - Black""",110
111,"Planet Audio - 6.2 - Bluetooth - In-Dash DVD Receiver - Black""",111
112,Details About Wd Red Pro 8tb Nas Desktop Hard Drive Intellipower 6 Gbs 128 Mb Cache Wd8001ffwx,112
113,391 Series C32F391 32 16:9 Curved FreeSync LCD Monitor,113
114,Everest Elite 700 Around-Ear Wireless Headphones (White),114
115,Sony - Cyber-shot DSC-HX80 18.2-Megapixel Digital Camera,115
116,Sony MDR-1A Headphone - Black (International Version U.S. warranty may not apply),116
117,"Samsung - 49 Class - LED - Q6F Series - 2160p - Smart - 4K UHD TV with HDR""",117
118,"Kicker DSC44 4 D-Series 2-Way Car Speakers with 1/2"" Tweeters""",118
119,"2) New Kicker 41KSC6934 6x9 3-Way 300 Watt Car Audio Coaxial Speakers KSC693""",119
120,ZS-RS60BT CD Boombox,120
121,"Kenwood - 6.2 - Apple CarPlay™ - Built-in Navigation - Bluetooth - In-Dash CD/DVD/DM Receiver - Black""",121
122,"7.0 Tab A 8GB Tablet (Wi-Fi Only, Black)",122
123,iPL24 FM Clock Radio with Lightning Dock and USB Port (Gunmetal),123
124,Optoma - UHD60 4K DLP Projector with High Dynamic Range - White,124
125,MU9000-Series 65-Class HDR UHD Smart LED TV,125
126,V-MODA - Crossfade 2 Wireless Over-the-Ear Headphones - Rose gold,126
127,M80UWH Manual Series Projection Screen (39.6 x 69.6),127
128,"Samsung - 40 Class (39.5"" Diag.) - LED - 1080p - Smart - HDTV""",128
129,TL-SF1008P 8-Port 10/100Mbps Desktop Switch with 4-Port PoE,129
130,SanDisk - Ultra 32GB microSDHC Class 10 Memory Card,130
131,Att Samsung Galaxy Express 3,131
132,JOBY GorillaPod 3K Kit. Compact Tripod 3K Stand and Ballhead 3K for Compact Mirrorless Cameras or devices up to 3K (6.6lbs). Black/Charcoal.,132
133,3TB AirPort Time Capsule (5th Generation),133
134,BOYO - Concealed Mount License Plate Camera with Night Vision - Black,134
135,Logitech Harmony Smart Control with Smartphone App and Simple All In One Remote - Black,135
136,Alpine - UTE - Apple iPod- and Satellite Radio-Ready - In-Dash Receiver - Black,136
137,Details About *new~sennheiser Hd 4.50 Btnc Wireless Noise Cancelling Headphones~touch Controls,137
138,MU8000-Series 65-Class HDR UHD Smart LED TV,138
139,LG Electronics OLED65C7P 65-Inch 4K Ultra HD Smart OLED TV - Refurbished,139
140,SanDisk Extreme 500 480GB USB 3.0 Portable SSD (Solid State Drive) - SDSSDEXT-480G,140
141,iSimple ISBC01 BluClik Bluetooth Remote Control with Steering Wheel and Dash Mounts,141
142,Details About Garmin Etrex 10 Handheld Outdoor Hiking Gps Receiver Brand New 0100097000,142
143,Apple - Pre-owned 9.7-inch iPad Pro - 32GB - Space gray,143
144,GP60NB50 8x Super-Multi Portable DVD Rewriter with M-DISC,144
145,Sony - XB20 Portable Bluetooth Speaker - Blue,145
146,Details About Kenwood 12 Inch 2000 Watt 4 Ohm Single Voice Coil Audio Subwoofer | Kfcw3016ps,146
147,SiriusXM SXSD2 Portable Speaker Dock Audio System for Dock and Play Radios (Black),147
148,V-MODA - CROSSFADE M-100 Over-the-Ear Headphones - Shadow,148
149,Grace Digital - 3Play Bluetooth Audio Adapter - Black,149
150,PowerShot G7 X Mark II Digital Camera with Free Accessory Kit,150
151,"Sony - 55 Class - OLED - A1E Series - 2160p - Smart - 4K UHD TV with HDR""",151
152,House of Marley Smile Jamaica In-Ear Earbuds,152
153,Logitech K800 Wireless Illuminated Keyboard — Backlit Keyboard,153
154,LG - Super-Multi 24x External USB 2.0 Double-Layer DVD±/CD-RW Drive - Black,154
155,Asus RT-AC5300 IEEE 802.11ac Ethernet Wireless Router - 2.40 GHz ISM Band - 5 GHz UNII Band - 8 x Antenna(8 x External) - 5334 Mbit/s Wireless Speed - 4 x Network Port - 1 x Broadband Port - USB - Gig,155
156,"Polk Audio - Vanishing Series RT 7 3-Way In-Ceiling Speaker (Each) - White""",156
157,Source 530 Full Tower Case (Black),157
158,Silicondust HDHomeRun-HD-Television-Tuner,158
159,Liberate XLBT Bluetooth Headphones (Midnight),159
160,Sanus WSS2-W1 White Sonos Speaker Stands,160
161,LG Electronics OLED65E6P Flat 65-Inch 4K Ultra HD Smart OLED TV (2016 Model),161
162,"Details About Samsung 24 Class Hd (720p) Smart Led Tv (un24m4500)""",162
163,Onkyo - TX 7.2-Ch. Network-Ready A/V Home Theater Receiver - Black,163
164,Details About Seagate 4 Terabyte (4tb) Superspeed Usb 3.0 Game Drive For Xbox One Stea4000402,164
165,AF-S NIKKOR 85mm f/1.8G Lens,165
166,Sigma - 35mm f/1.4 DG HSM Art Standard Lens for Canon - Black,166
167,V206HQL Abd 19.5 LED Backlit LCD Monitor (Black),167
168,Seagate Backup Plus Ultra Slim 2TB Portable External Hard Drive,168
169,Amazon - Amazon Tap Portable Bluetooth and Wi-Fi Speaker - Black,169
170,FUGOO - Sport XL Portable Bluetooth Speaker - Black/White,170
171,Lumix G 25mm f/1.7 ASPH. Lens,171
172,Details About Genuine Used Apple 85w Magsafe Power Adapter Mc556ll/b Model A1343 1185cl,172
173,Bower - Electret Condenser Microphone,173
174,"Samsung - 50 Class (49.5"" Diag.) - LED - 1080p - Smart - HDTV""",174
175,"Samsung Level U PRO Headphones with ANC, Black",175
176,CORSAIR CL-9011109-WW Lighting Node PRO,176
177,"Refurbished Vizio 55 Class 4K (2160P) Smart LED Home Theater Display (M55-D0)""",177
178,Pioneer GM-D8601 Class D Mono Amplifier with Wired Bass Boost Remote,178
179,Apple MD825AM/A Lightning to VGA Adapter for iPhones,179
180,Details About New Arris Surfboard 16x Cable Modem With Wifi Ac1900 Router (sbg6900ac),180
181,"Magellan Roadmate 5322-LM 5 Touchscreen Portable GPS Navigation System""",181
182,"SAMSUNG 40 Class FHD (1080P) Smart LED TV (UN40J5200AF)""",182
183,PMX840BT Bluetooth 8-Channel 800-Watt Powered Mixer with MP3,183
184,"Details About Alpine 480w 6.5 2way Typee Coaxial Car Speakers W/ Silk Tweeters | Spe6000""",184
185,Kicker 43CXA3001 600 Watt MONO Class D Power Car Audio Amplifier Amp CXA300.1,185
186,Boytone - 2500W 2.1-Ch. Home Theater System - Black Diamond,186
187,"Portable Bluetooth Wireless Speaker, Red",187
188,PyleHome - LCD Projector - Silver/White,188
189,PowerShot G9 X Digital Camera Accessory Kit (Silver),189
190,PP999 Phono Preamplifier,190
191,Razer Kraken Pro Gaming Headset Green,191
192,JBL Clip2 Portable Speaker,192
193,SoundSport Wireless In-Ear Headphones (Black),193
194,"Samsung - 55 Class - LED - Curved - Q7C Series - 2160p - Smart - 4K UHD TV with HDR""",194
195,450 Mbps 2.4/5GHz Wireless N Dual Band PCI Express Adapter,195
196,"Alpine - 5 x 7"" 2-Way Coaxial Car Speakers with Poly-Mica Cones (Pair) - Black""",196
197,Linksys AC1900 Gigabit Range Extender/WiFi Booster/Repeater MU-MIMO (Max Stream RE7000),197
198,Pinnacle P1 High Fidelity Audiophile In-Ear Headphones,198
199,Cobra - Radar and Laser Detector,199
200,Microsoft Surface Pro 4 Type Cover with Fingerprint ID,200
201,"Power Acoustik Pmd-102x 10.1 Ceiling-Mount Swivel Monitor With DVD""",201
202,"Samsung 24 Class HD (720P) LED TV (UN24H4500)""",202
203,"LG - 65 Class - LED - SJ8500 Series - 2160p - Smart - 4K UHD TV with HDR""",203
204,"SAMSUNG 65 Class 4K (2160P) Ultra HD Smart QLED HDR TV QN65Q6FNAFXZA (2018 Model)""",204
205,Details About Optoma Hd142x Full Hd 10980p 3d Dlp Home Theater Projector,205
206,Vizio 38 5.1 Sound Bar System - Black (sb3851-C0),206
207,V-MODA Crossfade Wireless Over-Ear Headphones - Phantom Chrome,207
208,e1659Fwu 16 Widescreen USB 3.1 Gen 1 Powered LED Backlit LCD Monitor,208
209,XB550AP EXTRA BASS Headphones (Black),209
210,Riing 12 LED 120mm Radiator Fan (Blue),210
211,Sony - RF995RK Wireless Over-the-Ear Headphones - Black,211
212,Aeon 71.5 x 130.9 16:9 Fixed Frame Projection Screen with CineWhite Projection Surface,212
213,SRS-XB40 Bluetooth Speaker (Black),213
214,XB80BS Extra Bass Sports In-Ear Bluetooth Headphones (Black),214
215,"Atrend-Bbox 10 Dual Front-Fire Enclosure for Dodge Ram 19962002""",215
216,"Polk Audio - 7 3-Way Floor Speaker (Each) - Cherry""",216
217,Lumix DMC-G7 Mirrorless Micro Four Thirds Digital Camera with 14-42mm Lens and Accessory Kit (Black),217
218,CORSAIR - VENGEANCE LED Series 16GB (2PK 8GB) 3.0GHz DDR4 Desktop Memory with LED Lighting - Black,218
219,Flexson - Wall Mount for Sonos PLAY:1 Speakers (2-Pack) - White,219
220,"Sony - 49 Class - LED - X900E Series - 2160p - Smart - 4K UHD TV with HDR""",220
221,Pioneer - 5.1-Ch. 4K Ultra HD HDR Compatible A/V Home Theater Receiver - Black,221
222,TL-SG108 8-Port 10/100/1000 Mbps Unmanaged Desktop Switch,222
223,T92UWH Portable Tripod Screen (45x80),223
224,"PLAYBAR Wireless Soundbar, Wireless Speaker Pair, and Wireless Subwoofer Kit (White)",224
225,AVR-S730H 7.2-Channel Network A/V Receiver,225
226,StarTech.com - DVI Dual-Monitor USB 3.0 Docking Station - Black / Silver,226
227,CORSAIR - Vengeance LPX 16GB (2PK x 8GB) 3.2 GHz DDR4 DRAM Desktop Memory Kit - Black,227
228,PLAY:3 Wireless Speaker (Black),228
229,Details About Razer Blackwidow Chroma V2,229
230,"ELECTRIC125H Spectrum Motorized Projection Screen (61 x 109, 110V, 60Hz)",230
231,AfterShokz Trekz Titanium Wireless Headphones,231
232,"Sony 43 Class 4K UHD (2160P) Smart LED TV (XBR43X800E)""",232
233,Roll Bar Mount,233
234,AVR-X3400H 7.2-Channel Network A/V Receiver,234
235,"Samsung - 40 Class - LED - MU7000 Series - 2160p - Smart - 4K UHD TV with HDR""",235
236,Leviathan Elite Gaming Soundbar,236
237,SRS-XB40 Bluetooth Speaker (Blue),237
238,"Sony - 2.1-Channel Soundbar System with 6.3 Wireless Subwoofer and Digital Amplifier - Black""",238
239,SRS-XB10 Bluetooth Speaker (White),239
240,Samsung-3-Pack-Connect-Home-Smart-Wi-Fi-System-AC1300,240
241,Alpha a7 Mirrorless Digital Camera with 28-70mm Lens and Battery Kit,241
242,"Power Acoustik LP-3CSC License Plate with 2 Backup Sensors and CCD Camera, Chrome",242
243,My Cloud Expert Series EX4100 24TB 4-Bay NAS Server (4 x 6TB),243
244,BC 30 Wireless Backup Camera with Car Adapter Power Cable,244
245,V-MODA XS On-Ear Folding Design Noise-Isolating Metal Headphone (Matte Black Metal),245
246,ECOXGEAR - ECOSTONE Bluetooth Waterproof Speaker - Blue,246
247,Single DIN Head Unit Receiver - In-Dash Car Stereo with 7” Multi-Color Touchscreen Display - Audio Video System with Bluetooth for Wireless Music Streaming & Hands-free Calling - Pyle PLTS78DUB,247
248,Pioneer 200W 4x6 Inch 3 Way 4 Ohms Coaxial Car Audio Speakers Pair | TS-A4676R,248
249,CORSAIR M65 Pro RGB - FPS Gaming Mouse - 12,249
250,Seagate - Backup Plus 5TB External USB 3.0 Portable Hard Drive - silver,250
251,Sony SRSHG1/BLK Hi-Res Wireless Speaker- Charcoal black,251
252,"Samsung - 65 Class - LED - MU6290 Series - 2160p - Smart - 4K Ultra HD TV with HDR""",252
253,VXi - BlueParrott B450-XT Bluetooth Headset - Black,253
254,"D3400 DSLR Camera with 18-55mm and 70-300mm Lenses (Red, Refurbished)",254
255,AVR-S530BT 5.2-Channel A/V Receiver,255
256,HT-NT5 400W 2.1-Channel Soundbar System,256
257,Sony Premium Noise Cancelling,257
258,Cyber-shot DSC-RX100 V Digital Camera,258
259,Grace Digital - 100W 2.0-Ch. Amplifier - Black,259
260,SRS-ZR7 Wireless Speaker,260
261,Cyber-shot DSC-WX350 Digital Camera Deluxe Kit (Black),261
262,Sony MDR-1000X/C Wireless Bluetooth Noise Cancelling Hi-Fi Headphones (Certified Refurbished),262
263,Dell USB 3.0 Ultra HD/4K Triple Display Docking Station (D3100),263
264,22 Widescreen Full HD 1080p LED Monitor,264
265,"KICKER - 6.5 2-Way Full-Range Speakers (Pair) - White""",265
266,JBL Cinema SB350 Soundbar System,266
267,SiriusXM Commander Touch Full-Color,267
268,"Samsung - 32 Class (31.5"" Diag.) - LED - 720p - Smart - HDTV""",268
269,"Refurbished LG 65 Class 4K (2160P) Smart LED TV (65UJ7700)""",269
270,7.2CH AVR WITH WIFI _ BLUETOOTH 2 HDMI OUTPUTS 90 WATTS/CH.,270
271,Samsung - Fast Charge Wireless Charger - Black,271
272,"Sony - Core Series Dual 5 3-Way Floorstanding Speaker (Each) - Black""",272
273,PNY - NVIDIA GeForce GTX 1060 6GB GDDR5 PCI Express 3.0 Graphics Card - Black,273
274,Escort Solo S3 Cordless Radar Detector,274
275,Pioneer Elite VSX-LX101 7.2 Channel Networked AV Receiver with Built-In Bluetooth _ Wi-Fi Black,275
276,"Kenwood - 6.5 2-Way Marine Speakers with Polypropylene Cones (Pair) - Black""",276
277,Sandisk Flash Mp3 Player 8gb - Pink (sdmx24008p),277
278,"LG - 55 Class - LED - UJ7700 Series - 2160p - Smart - 4K UHD TV with HDR""",278
279,"Pyle BT Vintage Style Turntable with AM/FM Radio, CD _ Cassette Players, USB Flash Recording _ Slide-Out /MP3 Dock",279
280,Turtle Beach - EAR FORCE Stealth 450 Over-the-Ear Wireless Gaming Headset for PC - Black/Red,280
281,New OEM Braven LUX Pearl Portable HD Wireless Bluetooth Speaker Power Bank,281
282,Cerwin Vega - SL Series 2-Way Center-Channel Loudspeaker - Black,282
283,Toshiba - 2TB Internal SATA Hard Drive for Desktops,283
284,Russound - 2-Way Outdoor Rock Loudspeaker (Each) - Gray Granite,284
285,"Power Acoustik - MOFO 15.50 1700 W Woofer - Royal Blue""",285
286,Details About Seagate Expansion 1tb External Usb 3.0 Portable Hard Drive Black,286
287,Sony HTST9 Soundbar with Wireless Subwoofer Bluetooth and Google Cast,287
288,"Russound - Acclaim 5 Series 5-1/4 2-Way Indoor/Outdoor Speakers (Pair) - White""",288
289,"Samsung - 65 Class - LED - MU7000 Series - 2160p - Smart - 4K UHD TV with HDR""",289
290,NETGEAR - AC600 Dual-Band WiFi USB Mini Adapter - Black,290
291,VS278Q-P 27 16:9 LCD Monitor,291
292,Apple iPod Touch,292
293,WD - My Book 6TB External USB 3.0 Hard Drive - Black,293
294,Samsung SNH-P6410BN SmartCam HD Pro 1080p WiFi IP Camera,294
295,VG939SM 19 Ergonomic LED LCD Multimedia Display,295
296,"Hisense 65 Class 4K(2160p) Smart LED TV (65H9PLUS)""",296
297,Details About Microsoft Surface Pen Stylus W/ Tip Kit For Surface Pro 3,297
298,Zoom - H1 Handy Recorder - Black,298
299,Sanus - Speaker Stands (Pair) - Black,299
300,"Refurbished TCL 49 Class 4K (2160P) Roku Smart LED TV (49S405)""",300
301,Samsung UN55KS8500 Curved 55-Inch 4K Ultra HD Smart LED TV (2016 Model),301
302,Sony MDRXB950N1 Headphones Bluetooth Noise Cancel Extra Bass Blk MDR-XB950N1 #95,302
303,"Sharp Aquos N7000 65 Class 4K Ultra WiFi Smart LED HDTV""",303
304,"Pioneer - Andrew Jones Soundbar System with 6-1/2 Wireless Subwoofer - Black""",304
305,PDWM1904 Single-Channel Wireless System with Headset Lavalier Microphones,305
306,Details About Evga Nvidia Geforce Gtx 1080 Sc Gaming 8gb Gddr5x Pci Express 3.0 Graphics ...,306
307,"Hisense - 55 Class - LED - H8 Series - 2160p - Smart - 4K UHD TV with HDR""",307
308,Samsung Galaxy Tab E Lite 7 8gb White - Sm-T113nykaxar,308
309,Details About Zmodo Greet Wifi Video Doorbell W/ Zmodo Beam Smart Home Hub And Wifi Extender,309
310,CD Recorder Cassette and Turntable BLACK,310
311,Sony STRDN1070 7.2-channel AV Receiver w/ Bluetooth,311
312,Acer 15.6 Chromebook CB5-571-C4G4,312
313,Virgin Mobile - LG Stylo™ 3 4G LTE with 16GB Memory Prepaid Cell Phone - Gray,313
314,Seagate - SkyHawk Surveillance HDD 6TB Internal SATA Hard Drive for Desktops,314
315,"HP 15-AY103DX 15.6 Touchscreen Touch Screen HD Laptop Notebook PC Computer 7th Gen i5-7200U Kaby Lake 8GB Memory 1TB HDD Hard Drive Windows 10""",315
316,Sony - 5.1-Ch. 3D / Smart Blu-ray Home Theater System - Black,316
317,inactive,317
318,Viper 7153V 1-Way 5-Button SuperCode Replacement Remote for 5701,318
319,Refurbished Jaybird F5-S-B Freedom F5 In-Ear Wireless Headphones - Carbon,319
320,"Asus Zenbook Ux303uadh51t 13.3 Fhd Touchscreen Core I56200u 8gb 256gb""",320
321,"LG - 28 Class (27.5"" Diag.) - LED - 720p - HDTV""",321
322,ZTE Warp Elite No Contract Phone - Retail Packaging - Boost,322
323,"Samsung - 55 Class - LED - Curved - MU6490 Series - 2160p - Smart - 4K Ultra HD TV with HDR""",323
324,Jensen174 Portable 3-Speed Stereo Turntable With Built-In Speakers - Black (jta-410 ),324
325,SP-FS52 Andrew Jones Designed Floorstanding Loudspeaker,325
326,"Alienware - R3 17.3 Laptop - Intel Core i7 - 16GB Memory - 1TB Hard Drive + 256GB Solid State Drive - Epic Silver""",326
327,LG Electronics OLED65C6P Curved 65-Inch 4K Ultra HD Smart OLED TV (2016 Model),327
328,BRAVEN BRV-HD Wireless Bluetooth Speaker [28 Hour Playtime][Water Resistant] Built-In 8800 mAh Power Bank Charger - Black,328
329,"Sony - Core Series 10 115W Active Subwoofer - Black""",329
330,P-Series 55-Class UHD SmartCast LED Home Theater Display,330
331,Sennheiser Momentum 2.0 for Samsung Galaxy - Black,331
332,Pioneer - 5.1-Ch. Network-Ready 4K Ultra HD and 3D Pass-Through HDR Compatible A/V Home Theater Receiver - Black,332
333,"Samsung 64GB PRO+ microSDHC Card with Adapter, MB-MD64DA/AM",333
334,CORSAIR K70 RGB RAPIDFIRE Mechanical Gaming Keyboard - USB Passthrough and Media Controls - Fastest and Linear - Cherry MX Speed - RGB LED Backlit,334
335,HP ENVY 34-b010 34-inch Curved All-in-One Computer (Intel Core i7-7700T,335
336,Universal Projector Mount with 3 Extension Column,336
337,Canary-Moble-phone-compatible-Digital-Wireless-Indoor-Security-Camera-with-Night-Vision,337
338,Details About Evga Nvidia Geforce Gtx 1060 Ssc Gaming 6gb Gddr5 Pci Express 3.0 Graphics ...,338
339,HT-CT790 330W 2.1-Channel Soundbar System,339
340,Samsung - Adaptive Fast Charging Wall Charger - White,340
341,"RCA Indoor Digital TV Antenna, Amplified, 40-Mile Range",341
342,P101 Ceiling Projector Mount (White),342
343,Details About Sylvania Dual Portable Dvd Player W/ 9inch Widescreen Led Display Refurbished,343
344,VIZIO M-Series 70” SmartCast 2160p 4K XHDR Plus XLED Plus Display (M70-D3),344
345,LG - MiniBeam PH550 720p DLP Projector - White,345
346,Sony - 1155W 7.2-Ch. Hi-Res Network-Ready 4K Ultra HD and 3D Pass-Through HDR Compatible A/V Home Theater Receiver - Black,346
347,Seagate Backup Plus Hub 8TB External Desktop Hard Drive Storage + 2mo Adobe CC Photography (STEL8000100),347
348,Braven BRV-BLADE Wireless Portable Bluetooth Speaker [22 Hour Playtime][Waterproof] 4000 mAh Power Bank Charger - Black,348
349,Sherwood - 400W 4.0-Ch. Stereo Receiver - Black,349
350,"Asus - 27 IPS LED HD GSync Monitor - Black""",350
351,Sherwood - 200W 2.0-Ch. A/V Home Theater Receiver - Black,351
352,naxa - 2.1-Channel Soundbar with 50-Watt Digital Amplifier - Black,352
353,Samsung UN65KS9500 65-inch Smart 4K UHD TV,353
354,"Samsung 55 Class 4K (2160P) Smart LED TV (UN55KU7000)""",354
355,"Lenovo Flex 4 1470 80SA0000US 2-in-1 - 14 HD Touch - Pentium 4405U 2.1Ghz - 4GB - 500GB""",355
356,TP-Link AV500 2-port Powerline Starter Kit,356
357,PNY - XLR8 NVIDIA GeForce GTX 1080 8GB GDDR5X PCI Express 3.0 Graphics Card - Black/Red,357
358,Toshiba - 2.0-Channel Soundbar with 16-Watt Digital Amplifier - Black,358
359,AVR-X2400H 7.2-Channel Network A/V Receiver,359
360,"Details About Asus Q304 13.3 Laptop I5 2.5 Ghz 6gb 1tb Hdd Win 10 (q304uabhi5t11)""",360
361,Toshiba - Canvio Basics 1TB External USB 3.0 Portable Hard Drive - White,361
362,"LG - 75 Class - LED - UJ6470 Series - 2160p - Smart - 4K UHD TV with HDR""",362
363,HP Pavilion 24-inch All-in-One Computer,363
364,DSLR Value Pack with Nikon School Online Course,364
365,Onkyo TX-8270 2 Channel Network Stereo Receiver with 4k HDMI,365
366,instax mini 8 Instant Film Camera and Groovy Case Kit (Raspberry),366
367,"Samsung - 40 Class - LED - MU6290 Series - 2160p - Smart - 4K Ultra HD TV with HDR""",367
368,House of Marley EM-DH003-PS TTR Noise-Cancelling Over-Ear Headphones (Black),368
369,Sony - 2.1-Channel Soundbar System with Wireless Subwoofer and Digital Amplifier - Black,369
370,12.3 32GB Multi-Touch 2-in-1 Chromebook Plus,370
371,YU2 Powered Desktop Speakers (Glossy Red),371
372,"Samsung - Galaxy Tab E - 9.6 - 16GB - Black""",372
373,"Kenwood KFC-1653MRW 6.5 2-way Marine Speakers Pair (White)""",373
374,Toshiba Micro Component Speaker System: Wireless Bluetooth Speaker Sound System with FM,374
375,Onkyo TXNR757 7.2 Channel Wireless A/V Receiver w/ HDCP2.2/HDR DTS _ Bluetooth,375
376,SiliconDust HDHomeRun CONNECT Quatro Live TV for Cord Cutters 4-Tuner (HDHR5-4US) with Terk Indoor Flat 4K HDTV Multi-Directional Antenna,376
377,Pioneer TS-SWX2502 10 inch Shallow-Mount Pre-Loaded Enclosure,377
378,W650D-Series 48-Class Full HD Smart LED TV,378
379,"Samsung - 65 Class - LED - Q7F Series - 2160p - Smart - 4K UHD TV with HDR""",379
380,"HP - Stream 14 Laptop - Intel Celeron - 4GB - 32GB eMMC Flash Memory - Office 365 Personal 1-Year Subscription Included - Aqua blue""",380
381,"Sony XBR-65A8F 65 BRAVIA OLED 4K HDR TV""",381
382,Energizer Nikon D5100/3100 Battery Grip,382
383,Reference Premiere RP-440C Center Speaker (Ebony),383
384,"Samsung - 55 Class - LED - Q8F Series - 2160p - Smart - 4K UHD TV with HDR""",384
385,Memorex CD/Cassette Recorder Boombox MP3 AM/FM FlexBeats MP3262 with Aux line in jack - Black,385
386,Phantom 530 Full-Tower Case (Black),386
387,"Samsung Leather Flip Book Cover Case for Samsung Galaxy Note 10.1 2014 Edition - Black Retail Packaging""",387
388,Hisense 50H4D Roku 50-inch HD Smart DLED TV,388
389,Sennheiser - HD 800 Over-the-Ear Headphones - Silver/Black,389
390,Aeon 58.3 x 104.1 16:9 Fixed Frame Projection Screen with CineWhite Projection Surface,390
391,V-MODA - Crossfade Wireless Headphones - Gunmetal Black,391
392,Ecoxgear Ecocarbon Bluetooth Waterproof Speaker (black),392
393,Details About Kicker Hp402bt Tabor Black Overtheear Wireless Bluetooth Headphones,393
394,Lumix G 42.5mm f/1.7 ASPH. POWER O.I.S. Lens,394
395,SanDisk 8GB Clip Jam MP3 Player (Pink),395
396,Details About Midland Wr120c Noaa Weather Alert Radio,396
397,Bose® - QuietComfort® 20 Headphones (Android) - Black,397
398,VPL-HW45ES Full HD Home Theater Projector (Black),398
399,WD - My Passport X 3TB External USB 3.0 Portable Hard Drive - Black,399
400,"Samsung - 49 Class (48.5"" Diag.) - LED - 1080p - Smart - HDTV""",400
401,"iSimple - StrongHold Headrest Mount for Most 7 - 10.2"" Tablets - Black""",401
402,Details About Seagate 1tb Internal Serial Ata Hard Drive For Laptops,402
403,CORSAIR - MM800 Polaris RGB Gaming Mouse Pad - Black,403
404,Rugged Book Keyboard and Case for iPad Air 2,404
405,ECOXGEAR ECOXBT Rugged and Waterproof Wireless Bluetooth Speaker (Orange),405
406,ProSafe 16-Port 10/100 Desktop Switch,406
407,Sony - Over-the-Ear Hi-Res Headphones - Black,407
408,V-MODA - CROSSFADE M-100 Over-the-Ear Headphones - Black,408
409,1506TSA Lock,409
410,CybertronPC - Rhodium Desktop - AMD FX-Series - 16GB Memory - NVIDIA GeForce GTX 1050 - 2TB Hard Drive - Green,410
411,NETGEAR AC1000 Dual Band Smart WiFi Router,411
412,"Startech VGA Video Extender Over Cat5, Point to Point",412
413,Canon EF 100mm f/2.8L IS USM Macro Lens for Canon Digital SLR Cameras,413
414,Details About Logitech G403 Prodigy Wireless Gaming Mouse,414
415,SiriusXM SXEZR1H1 XM Onyx EZR Satellite Radio with Free 3 Months Satellite and Streaming Service,415
416,"Kicker 41IK5BT2V2 Amphitheater High-Performance Audio System with Bluetooth, Black",416
417,Details About Zmodo Hd Wifi Home Security Camera Twoway Audio Motion Detection Cloud Service,417
418,SUT670P Slim Tilting Wall Mount for 32 to 80 Displays (Black),418
419,J5205 32-Class Full HD Smart LED TV,419
420,Sony XBR55X700D 55-Inch 4K Ultra HD Smart LED TV (2016 Model),420
421,Acer Predator G1-710 Desktop Computer - Intel Core i7-6700 3.4 GHz - 16 GB DDR4 SDRAM - 2 TB HDD + 512 GB SSD,421
422,SiriusXM SXEZR1V1 XM Onyx EZR Satellite Radio Receiver with Vehicle Kit,422
423,"Monster SuperStar BackFloat High-Definition Bluetooth Speaker, Neon Green",423
